SHOOTING HOMICIDE INCIDENT ID,DATE,MONTH,PRECINCT,PATROL BOROUGH,BOROUGH,VICTIM AGE,VICTIM<1,VICTIM SEX,VICTIM RACE,VICTIM ETHNIC,PER STATUS DESCRIPTION,PERP AGE,PERP SEX,PERP RACE,PERP ETHNIC,VICTIM PERP RELATIONSHIP,WEAPON USE,CIRCUMSTANCE,OTHER CIRCUMSTANCE,IN/OUT,CASE NUMBER,RECORD NUMBER,VICTIM NUMBER,DOMESTIC INCIDENT
27437             ,"Jan 1, 2016",1,102,PBQS,QUEENS,19,,F,WHITE HISPANIC,HISPANIC,ARRESTED,24,M,WHITE HISPANIC,HISPANIC,INTIMATE PARTNER,"HANDS, FISTS, FEET, ETC.",OTHER ARGUMENT,DOMESTIC,I  ,1,1,1,YES
27439             ,"Jan 4, 2016",1,050,PBBX,BRONX,28,,M,WHITE HISPANIC,HISPANIC,ARRESTED,42,M,WHITE HISPANIC,HISPANIC,OTHER-KNOWN TO VICTIM,CUTTING/STABBING,OTHER ARGUMENT,,O  ,2,1,2,NO
27447             ,"Jan 4, 2016",1,047,PBBX,BRONX,39,,F,BLACK,,ARRESTED,61,M,BLACK,,CHILD,BLUNT INSTRUMENT,OTHER ARGUMENT,DOMESTIC,I  ,3,1,3,YES
27444             ,"Jan 6, 2016",1,077,PBBN,BROOKLYN,27,,M,BLACK,,,,,,,UNKNOWN RELATIONSHIP,HANDGUN,DRUG RELATED TRANSACTION,,O  ,4,1,4,NO
27454             ,"Jan 9, 2016",1,067,PBBS,BROOKLYN,25,,M,BLACK,,,,,,,UNKNOWN RELATIONSHIP,HANDGUN,DRUG RELATED TRANSACTION,,I  ,5,1,5,NO
27455             ,"Jan 10, 2016",1,081,PBBN,BROOKLYN,29,,M,BLACK,,ARRESTED,25,M,BLACK,,UNKNOWN RELATIONSHIP,HANDGUN,OTHER ARGUMENT,,I  ,6,1,6,NO
27456             ,"Jan 10, 2016",1,076,PBBS,BROOKLYN,33,,M,BLACK,,,,,,,UNKNOWN RELATIONSHIP,HANDGUN,GANG/ORGANIZED CRIME RELATED,,I  ,7,1,7,NO
27458             ,"Jan 11, 2016",1,106,PBQS,QUEENS,50,,M,WHITE HISPANIC,HISPANIC,ARRESTED,38,M,BLACK HISPANIC,HISPANIC,FRIEND,HANDGUN,DRUG RELATED TRANSACTION,,I  ,8,1,8,NO
27460             ,"Jan 11, 2016",1,081,PBBN,BROOKLYN,44,,M,BLACK,,ARRESTED,48,M,BLACK,,FRIEND,HANDGUN,OTHER ARGUMENT,,I  ,9,1,9,NO
27461             ,"Jan 11, 2016",1,075,PBBN,BROOKLYN,34,,M,BLACK,,ARRESTED,23,M,BLACK,,FRIEND,HANDGUN,DRUG RELATED TRANSACTION,,O  ,10,1,10,NO
27468             ,"Jan 13, 2016",1,075,PBBN,BROOKLYN,18,,M,BLACK,,ARRESTED,16,M,BLACK,,UNKNOWN RELATIONSHIP,HANDGUN,GANG/ORGANIZED CRIME RELATED,,O  ,11,1,11,NO
27470             ,"Jan 14, 2016",1,123,PBSI,STATEN ISLAND,43,,M,WHITE,,ARRESTED,41,M,WHITE,,OTHER-KNOWN TO VICTIM,CUTTING/STABBING,OTHER ARGUMENT,,I  ,12,1,12,NO
27479             ,"Jan 16, 2016",1,122,PBSI,STATEN ISLAND,31,,M,WHITE HISPANIC,HISPANIC,ARRESTED,31,F,WHITE HISPANIC,HISPANIC,INTIMATE PARTNER,CUTTING/STABBING,OTHER ARGUMENT,DOMESTIC,I  ,13,1,13,YES
27481             ,"Jan 16, 2016",1,075,PBBN,BROOKLYN,26,,M,BLACK HISPANIC,HISPANIC,,,,,,UNKNOWN RELATIONSHIP,HANDGUN,DRUG RELATED TRANSACTION,,O  ,14,1,14,NO
27484             ,"Jan 17, 2016",1,060,PBBS,BROOKLYN,37,,M,BLACK,,,,,,,,HANDGUN,GANG/ORGANIZED CRIME RELATED,,O  ,15,1,15,NO
27488             ,"Jan 20, 2016",1,090,PBBN,BROOKLYN,17,,M,WHITE HISPANIC,HISPANIC,ARRESTED,19,M,BLACK,,,CUTTING/STABBING,OTHER ARGUMENT,,O  ,16,1,16,NO
27492             ,"Jan 21, 2016",1,048,PBBX,BRONX,36,,M,BLACK HISPANIC,HISPANIC,ARRESTED,24,M,BLACK,,,HANDGUN,ROBBERY,,I  ,17,1,17,NO
27506             ,"Jan 22, 2016",1,075,PBBN,BROOKLYN,61,,M,BLACK HISPANIC,HISPANIC,ARRESTED,18,M,BLACK,,,CUTTING/STABBING,ROBBERY,,I  ,18,1,18,NO
27502             ,"Jan 23, 2016",1,072,PBBS,BROOKLYN,37,,M,WHITE,,ARRESTED,32,M,WHITE,,FRIEND,HANDGUN,OTHER ,ACCIDENTAL,I  ,19,1,19,NO
27499             ,"Jan 24, 2016",1,040,PBBX,BRONX,59,,F,BLACK HISPANIC,HISPANIC,ARRESTED,26,M,BLACK HISPANIC,HISPANIC,FRIEND,CUTTING/STABBING,OTHER ,SCHIZOPHRENIA,I  ,20,1,20,NO
27513             ,"Jan 27, 2016",1,101,PBQS,QUEENS,36,,F,BLACK,,ARRESTED,29,M,BLACK,,INTIMATE PARTNER,HANDGUN,OTHER ARGUMENT,DOMESTIC,I  ,21,1,21,YES
27514             ,"Jan 27, 2016",1,025,PBMN,MANHATTAN,62,,M,WHITE,,DOA,21,M,BLACK,,FRIEND,CUTTING/STABBING,OTHER ARGUMENT,,I  ,22,1,22,NO
27526             ,"Feb 2, 2016",2,047,PBBX,BRONX,59,,M,BLACK,,ARRESTED,37,M,BLACK,,FRIEND,BLUNT INSTRUMENT,OTHER ARGUMENT,,O  ,23,1,23,NO
27346             ,"Feb 3, 2016",2,067,PBBS,BROOKLYN,38,,M,BLACK,,,,,,,,EXPLOSIVES,OTHER ARGUMENT,,I  ,24,1,24,NO
27538             ,"Feb 5, 2016",2,111,PBQN,QUEENS,57,,M,WHITE,,ARRESTED,19,M,WHITE,,PARENT,BLUNT INSTRUMENT,OTHER ARGUMENT,DOMESTIC,O  ,25,1,25,YES
27540             ,"Feb 5, 2016",2,044,PBBX,BRONX,43,,M,WHITE HISPANIC,HISPANIC,ARRESTED,40,M,WHITE HISPANIC,HISPANIC,UNKNOWN RELATIONSHIP,UNKNOWN,OTHER ARGUMENT,,O  ,26,1,26,NO
27539             ,"Feb 8, 2016",2,049,PBBX,BRONX,29,,M,BLACK,,ARRESTED,35,M,BLACK,,FRIEND,HANDGUN,OTHER ARGUMENT,,I  ,27,1,27,NO
27546             ,"Feb 10, 2016",2,121,PBSI,STATEN ISLAND,26,,F,BLACK,,ARRESTED,23,M,BLACK,,INTIMATE PARTNER,CUTTING/STABBING,OTHER ARGUMENT,DOMESTIC,I  ,28,1,28,YES
27546             ,"Feb 10, 2016",2,121,PBSI,STATEN ISLAND,0,< 1,F,BLACK,,ARRESTED,23,M,BLACK,,CHILD OF INTIMATE PARTNER,CUTTING/STABBING,OTHER ARGUMENT,DOMESTIC,I  ,29,2,29,YES
27546             ,"Feb 10, 2016",2,121,PBSI,STATEN ISLAND,1,,F,BLACK,,ARRESTED,23,M,BLACK,,CHILD,CUTTING/STABBING,OTHER ARGUMENT,DOMESTIC,I  ,30,3,30,YES
27549             ,"Feb 11, 2016",2,075,PBBN,BROOKLYN,16,,M,BLACK,,ARRESTED,15,M,BLACK,,,HANDGUN,OTHER ARGUMENT,,I  ,31,1,31,NO
27552             ,"Feb 13, 2016",2,032,PBMN,MANHATTAN,22,,M,BLACK,,ARRESTED,29,M,BLACK,,STRANGER,HANDGUN,OTHER ARGUMENT,,I  ,32,1,32,NO
27553             ,"Feb 13, 2016",2,069,PBBS,BROOKLYN,24,,M,BLACK,,ARRESTED,26,M,BLACK,,FRIEND,HANDGUN,OTHER ARGUMENT,,O  ,33,1,33,NO
27556             ,"Feb 15, 2016",2,072,PBBS,BROOKLYN,44,,M,ASIAN/PAC.ISL,,ARRESTED,35,F,ASIAN/PAC.ISL,,OTHER-KNOWN TO VICTIM,CUTTING/STABBING,OTHER ARGUMENT,,O  ,34,1,34,NO
27557             ,"Feb 15, 2016",2,067,PBBS,BROOKLYN,33,,M,BLACK,,,,,,,,HANDGUN,UNKNOWN,,O  ,35,1,35,NO
27562             ,"Feb 16, 2016",2,081,PBBN,BROOKLYN,29,,M,BLACK,,ARRESTED,42,M,BLACK,,,HANDGUN,OTHER ARGUMENT,,O  ,36,1,36,NO
27637             ,"Feb 17, 2016",2,121,PBSI,STATEN ISLAND,54,,M,BLACK,,ARRESTED,53,M,BLACK,,UNKNOWN RELATIONSHIP,"HANDS, FISTS, FEET, ETC.",OTHER ARGUMENT,,O  ,37,1,37,NO
27588             ,"Feb 21, 2016",2,120,PBSI,STATEN ISLAND,1,,M,BLACK HISPANIC,HISPANIC,ARRESTED,31,F,BLACK,,OTHER-KNOWN TO VICTIM,"HANDS, FISTS, FEET, ETC.",INAPPROPRIATE CARE-GIVING,,I  ,38,1,38,NO
27586             ,"Feb 22, 2016",2,040,PBBX,BRONX,20,,M,WHITE HISPANIC,HISPANIC,,,,,,,HANDGUN,GANG/ORGANIZED CRIME RELATED,,O  ,39,1,39,NO
27593             ,"Feb 25, 2016",2,075,PBBN,BROOKLYN,23,,M,BLACK,,,,,,,,HANDGUN,UNKNOWN,,I  ,40,1,40,NO
27613             ,"Mar 1, 2016",3,046,PBBX,BRONX,27,,M,WHITE HISPANIC,HISPANIC,ARRESTED,54,M,WHITE HISPANIC,HISPANIC,FRIEND,CUTTING/STABBING,OTHER ARGUMENT,,O  ,41,1,41,NO
27626             ,"Mar 4, 2016",3,043,PBBX,BRONX,36,,M,WHITE HISPANIC,HISPANIC,ARRESTED,50,M,WHITE HISPANIC,HISPANIC,SIBLING,CUTTING/STABBING,OTHER ARGUMENT,DOMESTIC,I  ,42,1,42,YES
27627             ,"Mar 4, 2016",3,121,PBSI,STATEN ISLAND,26,,M,BLACK,,ARRESTED,35,M,BLACK,,INTIMATE PARTNER,CUTTING/STABBING,OTHER ARGUMENT,DOMESTIC,I  ,43,1,43,YES
27639             ,"Mar 5, 2016",3,108,PBQN,QUEENS,34,,M,WHITE HISPANIC,HISPANIC,ARRESTED,21,M,WHITE HISPANIC,HISPANIC,STRANGER,BLUNT INSTRUMENT,OTHER ARGUMENT,,O  ,44,1,44,NO
27628             ,"Mar 6, 2016",3,113,PBQS,QUEENS,24,,M,BLACK,,WANTED,34,M,BLACK,,,HANDGUN,DRUG RELATED TRANSACTION,,O  ,45,1,45,NO
27629             ,"Mar 6, 2016",3,114,PBQN,QUEENS,55,,M,WHITE,,ARRESTED,23,M,WHITE,,STRANGER,CUTTING/STABBING,OTHER ARGUMENT,,I  ,46,1,46,NO
27630             ,"Mar 7, 2016",3,040,PBBX,BRONX,34,,F,WHITE HISPANIC,HISPANIC,DOA,42,M,WHITE HISPANIC,HISPANIC,SPOUSE,CUTTING/STABBING,MURDER-SUICIDE,DOMESTIC,I  ,47,1,47,YES
27640             ,"Mar 9, 2016",3,034,PBMN,MANHATTAN,57,,M,WHITE,,ARRESTED,25,M,WHITE HISPANIC,HISPANIC,FRIEND,CUTTING/STABBING,OTHER ARGUMENT,,I  ,48,1,48,NO
27717             ,"Mar 9, 2016",3,034,PBMN,MANHATTAN,38,,M,BLACK HISPANIC,HISPANIC,,,,,,,CUTTING/STABBING,OTHER ARGUMENT,,O  ,49,1,49,NO
27646             ,"Mar 10, 2016",3,077,PBBN,BROOKLYN,22,,M,BLACK,,,,,,,,HANDGUN,GANG/ORGANIZED CRIME RELATED,,O  ,50,1,50,NO
27666             ,"Mar 10, 2016",3,122,PBSI,STATEN ISLAND,23,,F,WHITE,,ARRESTED,23,M,BLACK,,INTIMATE PARTNER,UNKNOWN,OTHER ARGUMENT,DOMESTIC,I  ,51,1,51,YES
27649             ,"Mar 11, 2016",3,123,PBSI,STATEN ISLAND,24,,M,WHITE,,ARRESTED,22,M,WHITE,,FRIEND,OTHER,DRUG RELATED TRANSACTION,,O  ,52,1,52,NO
27662             ,"Mar 11, 2016",3,113,PBQS,QUEENS,33,,M,BLACK,,,,,,,,HANDGUN,DRUG RELATED TRANSACTION,,O  ,53,1,53,NO
28678             ,"Mar 12, 2016",3,121,PBSI,STATEN ISLAND,0,< 1,F,WHITE,,ARRESTED,29,F,WHITE,,CHILD,UNKNOWN,INAPPROPRIATE CARE-GIVING,DOMESTIC,I  ,54,1,54,YES
27665             ,"Mar 13, 2016",3,047,PBBX,BRONX,47,,M,BLACK,,ARRESTED,23,M,BLACK,,,HANDGUN,OTHER ARGUMENT,,O  ,55,1,55,NO
27673             ,"Mar 13, 2016",3,072,PBBS,BROOKLYN,2,,F,ASIAN/PAC.ISL,,ARRESTED,24,F,ASIAN/PAC.ISL,,CHILD,UNKNOWN,INAPPROPRIATE CARE-GIVING,DOMESTIC,I  ,56,1,56,YES
27671             ,"Mar 14, 2016",3,069,PBBS,BROOKLYN,23,,M,BLACK,,,,,,,,HANDGUN,OTHER ARGUMENT,,I  ,57,1,57,NO
27674             ,"Mar 16, 2016",3,028,PBMN,MANHATTAN,53,,M,BLACK,,ARRESTED,48,M,WHITE HISPANIC,HISPANIC,STRANGER,CUTTING/STABBING,OTHER ARGUMENT,,O  ,58,1,58,NO
27739             ,"Mar 16, 2016",3,019,PBMN,MANHATTAN,78,,M,WHITE,,,,,,,,OTHER,OTHER ARGUMENT,,I  ,59,1,59,NO
27694             ,"Mar 17, 2016",3,043,PBBX,BRONX,21,,M,BLACK,,WANTED,25,M,BLACK,,STRANGER,HANDGUN,GANG/ORGANIZED CRIME RELATED,,O  ,60,1,60,NO
27169             ,"Mar 18, 2016",3,040,PBBX,BRONX,29,,M,BLACK,,,,,,,,HANDGUN,GANG/ORGANIZED CRIME RELATED,,O  ,61,1,61,NO
27697             ,"Mar 18, 2016",3,040,PBBX,BRONX,37,,M,WHITE HISPANIC,HISPANIC,,,,,,,HANDGUN,DRUG RELATED TRANSACTION,,O  ,62,1,62,NO
27709             ,"Mar 19, 2016",3,106,PBQS,QUEENS,26,,M,BLACK,,,,,,,,HANDGUN,UNKNOWN,,I  ,63,1,63,NO
27722             ,"Mar 24, 2016",3,075,PBBN,BROOKLYN,34,,M,BLACK,,,,,,,,HANDGUN,DRUG RELATED TRANSACTION,,I  ,64,1,64,NO
27723             ,"Mar 24, 2016",3,121,PBSI,STATEN ISLAND,21,,M,WHITE HISPANIC,HISPANIC,ARRESTED,49,M,WHITE HISPANIC,HISPANIC,,HANDGUN,OTHER ARGUMENT,,O  ,65,1,65,NO
27723             ,"Mar 24, 2016",3,121,PBSI,STATEN ISLAND,47,,F,WHITE HISPANIC,HISPANIC,ARRESTED,49,M,WHITE HISPANIC,HISPANIC,,HANDGUN,OTHER ARGUMENT,,O  ,66,2,66,NO
27727             ,"Mar 25, 2016",3,023,PBMN,MANHATTAN,16,,M,BLACK HISPANIC,HISPANIC,,,,,,,HANDGUN,GANG/ORGANIZED CRIME RELATED,,O  ,67,1,67,NO
27734             ,"Mar 27, 2016",3,045,PBBX,BRONX,1,,M,BLACK,,,30,M,BLACK,,CHILD,BLUNT INSTRUMENT,UNKNOWN,DOMESTIC,I  ,68,1,68,YES
27768             ,"Apr 1, 2016",4,060,PBBS,BROOKLYN,17,,M,BLACK,,ARRESTED,18,F,BLACK HISPANIC,HISPANIC,FRIEND,UNKNOWN,OTHER ARGUMENT,,O  ,69,1,69,NO
27816             ,"Apr 1, 2016",4,009,PBMS,MANHATTAN,70,,M,WHITE,,ARRESTED,56,M,WHITE HISPANIC,HISPANIC,FRIEND,UNKNOWN,OTHER ARGUMENT,,I  ,70,1,70,NO
27760             ,"Apr 3, 2016",4,071,PBBS,BROOKLYN,21,,M,BLACK,,ARRESTED,22,M,BLACK,,FRIEND,CUTTING/STABBING,OTHER ARGUMENT,,O  ,71,1,71,NO
27767             ,"Apr 4, 2016",4,072,PBBS,BROOKLYN,63,,M,WHITE,,ARRESTED,24,M,WHITE HISPANIC,HISPANIC,STRANGER,UNKNOWN,ROBBERY,,O  ,72,1,72,NO
27776             ,"Apr 8, 2016",4,048,PBBX,BRONX,24,,M,BLACK HISPANIC,HISPANIC,ARRESTED,36,M,BLACK,,UNKNOWN RELATIONSHIP,HANDGUN,DRUG RELATED TRANSACTION,,O  ,73,1,73,NO
27778             ,"Apr 9, 2016",4,108,PBQN,QUEENS,31,,M,WHITE HISPANIC,HISPANIC,,,,,,,HANDGUN,UNKNOWN,,O  ,74,1,74,NO
27779             ,"Apr 10, 2016",4,040,PBBX,BRONX,30,,M,BLACK,,ARRESTED,35,M,BLACK,,UNKNOWN RELATIONSHIP,CUTTING/STABBING,OTHER ARGUMENT,,I  ,75,1,75,NO
27786             ,"Apr 12, 2016",4,019,PBMN,MANHATTAN,22,,M,WHITE HISPANIC,HISPANIC,ARRESTED,19,M,WHITE HISPANIC,HISPANIC,FRIEND,CUTTING/STABBING,OTHER ARGUMENT,,O  ,76,1,76,NO
27790             ,"Apr 13, 2016",4,075,PBBN,BROOKLYN,21,,M,BLACK,,ARRESTED,21,M,WHITE HISPANIC,HISPANIC,FRIEND,CUTTING/STABBING,OTHER ARGUMENT,,I  ,77,1,77,NO
27791             ,"Apr 14, 2016",4,120,PBSI,STATEN ISLAND,21,,M,BLACK,,ARRESTED,25,M,BLACK,,FRIEND,HANDGUN,OTHER ARGUMENT,,I  ,78,1,78,NO
27797             ,"Apr 14, 2016",4,009,PBMS,MANHATTAN,23,,M,BLACK,,ARRESTED,23,M,BLACK,,,HANDGUN,OTHER ARGUMENT,,O  ,79,1,79,NO
27793             ,"Apr 15, 2016",4,033,PBMN,MANHATTAN,41,,M,BLACK,,ARRESTED,18,M,BLACK,,FRIEND,HANDGUN,OTHER ARGUMENT,,O  ,80,1,80,NO
27804             ,"Apr 15, 2016",4,013,PBMS,MANHATTAN,56,,M,WHITE HISPANIC,HISPANIC,ARRESTED,53,M,BLACK,,FRIEND,CUTTING/STABBING,ROBBERY,,I  ,81,1,81,NO
27802             ,"Apr 16, 2016",4,113,PBQS,QUEENS,32,,M,BLACK,,ARRESTED,32,M,BLACK,,,HANDGUN,OTHER ARGUMENT,,O  ,82,1,82,NO
27803             ,"Apr 17, 2016",4,025,PBMN,MANHATTAN,21,,M,WHITE HISPANIC,HISPANIC,ARRESTED,22,M,BLACK,,,HANDGUN,GANG/ORGANIZED CRIME RELATED,,I  ,83,1,83,NO
27805             ,"Apr 17, 2016",4,043,PBBX,BRONX,19,,M,BLACK,,,,,,,,HANDGUN,OTHER ARGUMENT,,I  ,84,1,84,NO
27810             ,"Apr 18, 2016",4,033,PBMN,MANHATTAN,19,,M,WHITE HISPANIC,HISPANIC,ARRESTED,21,F,WHITE HISPANIC,HISPANIC,SIBLING,CUTTING/STABBING,OTHER ARGUMENT,DOMESTIC,I  ,85,1,85,YES
27812             ,"Apr 19, 2016",4,050,PBBX,BRONX,58,,M,WHITE HISPANIC,HISPANIC,ARRESTED,51,M,WHITE HISPANIC,HISPANIC,FRIEND,CUTTING/STABBING,OTHER ARGUMENT,,I  ,86,1,86,NO
27814             ,"Apr 19, 2016",4,081,PBBN,BROOKLYN,24,,M,BLACK,,ARRESTED,30,M,BLACK,,UNKNOWN RELATIONSHIP,HANDGUN,DRUG RELATED TRANSACTION,,O  ,87,1,87,NO
27818             ,"Apr 21, 2016",4,081,PBBN,BROOKLYN,45,,M,BLACK,,ARRESTED,34,M,BLACK,,FRIEND,HANDGUN,UNKNOWN,,I  ,88,1,88,NO
27834             ,"Apr 23, 2016",4,044,PBBX,BRONX,30,,M,BLACK,,,,,,,,HANDGUN,UNKNOWN,,I  ,89,1,89,NO
27878             ,"Apr 24, 2016",4,050,PBBX,BRONX,75,,M,WHITE HISPANIC,HISPANIC,ARRESTED,56,M,WHITE HISPANIC,HISPANIC,FRIEND,UNKNOWN,OTHER ARGUMENT,,I  ,90,1,90,NO
27841             ,"Apr 26, 2016",4,083,PBBN,BROOKLYN,39,,M,WHITE HISPANIC,HISPANIC,ARRESTED,25,M,BLACK,,,HANDGUN,DRUG RELATED TRANSACTION,,I  ,91,1,91,NO
17383             ,"Apr 27, 2016",4,042,PBBX,BRONX,19,,M,BLACK,,,,U,UNKNOWN,,,HANDGUN,UNKNOWN,,O  ,92,1,92,NO
27845             ,"Apr 27, 2016",4,041,PBBX,BRONX,41,,M,WHITE HISPANIC,HISPANIC,ARRESTED,28,M,WHITE HISPANIC,HISPANIC,,CUTTING/STABBING,OTHER ARGUMENT,,O  ,93,1,93,NO
27846             ,"Apr 28, 2016",4,046,PBBX,BRONX,25,,M,WHITE HISPANIC,HISPANIC,ARRESTED,30,M,BLACK,,,HANDGUN,DRUG RELATED TRANSACTION,,I  ,94,1,94,NO
27855             ,"Apr 29, 2016",4,075,PBBN,BROOKLYN,41,,M,BLACK,,,,,,,,HANDGUN,UNKNOWN,,O  ,95,1,95,NO
27856             ,"Apr 29, 2016",4,009,PBMS,MANHATTAN,70,,M,WHITE HISPANIC,HISPANIC,,,,,,,CUTTING/STABBING,DRUG RELATED TRANSACTION,,I  ,96,1,96,NO
27858             ,"May 2, 2016",5,061,PBBS,BROOKLYN,28,,M,BLACK HISPANIC,HISPANIC,,,,,,,UNKNOWN,UNKNOWN,,O  ,97,1,97,NO
27906             ,"May 3, 2016",5,044,PBBX,BRONX,70,,F,BLACK,,ARRESTED,37,M,BLACK,,OTHER FAMILY MEMBER,CUTTING/STABBING,OTHER ARGUMENT,DOMESTIC,I  ,98,1,98,YES
27863             ,"May 4, 2016",5,041,PBBX,BRONX,37,,M,WHITE HISPANIC,HISPANIC,ARRESTED,26,M,BLACK,,FRIEND,HANDGUN,OTHER ARGUMENT,,O  ,99,1,99,NO
27866             ,"May 6, 2016",5,103,PBQS,QUEENS,28,,M,BLACK,,ARRESTED,22,M,BLACK,,,HANDGUN,OTHER ARGUMENT,,O  ,100,1,100,NO
27874             ,"May 7, 2016",5,040,PBBX,BRONX,26,,M,BLACK HISPANIC,HISPANIC,ARRESTED,19,M,WHITE HISPANIC,HISPANIC,UNKNOWN RELATIONSHIP,CUTTING/STABBING,OTHER ARGUMENT,,O  ,101,1,101,NO
27871             ,"May 8, 2016",5,083,PBBN,BROOKLYN,19,,M,BLACK HISPANIC,HISPANIC,ARRESTED,27,M,BLACK,,FRIEND,HANDGUN,OTHER ARGUMENT,,O  ,102,1,102,NO
27875             ,"May 8, 2016",5,075,PBBN,BROOKLYN,33,,M,BLACK,,,,U,UNKNOWN,,,HANDGUN,UNKNOWN,,O  ,103,1,103,NO
27876             ,"May 9, 2016",5,046,PBBX,BRONX,35,,M,BLACK,,,,,,,,HANDGUN,OTHER ARGUMENT,,O  ,104,1,104,NO
27881             ,"May 11, 2016",5,040,PBBX,BRONX,60,,F,WHITE HISPANIC,HISPANIC,ARRESTED,55,M,WHITE HISPANIC,HISPANIC,SPOUSE,CUTTING/STABBING,OTHER ARGUMENT,DOMESTIC,I  ,105,1,105,YES
27883             ,"May 11, 2016",5,044,PBBX,BRONX,32,,M,BLACK HISPANIC,HISPANIC,,,,,,,CUTTING/STABBING,DRUG RELATED TRANSACTION,,I  ,106,1,106,NO
27885             ,"May 11, 2016",5,052,PBBX,BRONX,23,,M,WHITE HISPANIC,HISPANIC,ARRESTED,58,M,BLACK,,STRANGER,CUTTING/STABBING,OTHER ARGUMENT,,I  ,107,1,107,NO
27889             ,"May 12, 2016",5,069,PBBS,BROOKLYN,22,,M,BLACK,,,,,,,,HANDGUN,GANG/ORGANIZED CRIME RELATED,,O  ,108,1,108,NO
27900             ,"May 14, 2016",5,070,PBBS,BROOKLYN,22,,F,BLACK,,ARRESTED,35,M,BLACK,,OTHER FAMILY MEMBER,CUTTING/STABBING,OTHER ARGUMENT,DOMESTIC,I  ,109,1,109,YES
27901             ,"May 14, 2016",5,122,PBSI,STATEN ISLAND,43,,F,WHITE,,DOA,39,M,WHITE,,EX-INTIMATE PARTNER,CUTTING/STABBING,MURDER-SUICIDE,DOMESTIC,I  ,110,1,110,YES
27908             ,"May 17, 2016",5,045,PBBX,BRONX,29,,F,WHITE,,SUICIDE,39,M,WHITE,,INTIMATE PARTNER,HANDGUN,MURDER-SUICIDE,DOMESTIC,I  ,111,1,111,YES
27911             ,"May 18, 2016",5,067,PBBS,BROOKLYN,21,,M,BLACK,,,,,,,,HANDGUN,UNKNOWN,,O  ,112,1,112,NO
27912             ,"May 18, 2016",5,067,PBBS,BROOKLYN,17,,M,BLACK,,,,,,,,HANDGUN,ROBBERY,,O  ,113,1,113,NO
27913             ,"May 19, 2016",5,113,PBQS,QUEENS,24,,M,BLACK,,ARRESTED,29,M,BLACK,,,HANDGUN,UNKNOWN,,O  ,114,1,114,NO
27915             ,"May 19, 2016",5,049,PBBX,BRONX,18,,M,BLACK,,ARRESTED,19,M,BLACK,,FRIEND,HANDGUN,UNKNOWN,,O  ,115,1,115,NO
27916             ,"May 19, 2016",5,076,PBBS,BROOKLYN,51,,F,BLACK,,,,,,,,CUTTING/STABBING,DRUG RELATED TRANSACTION,,O  ,116,1,116,NO
27933             ,"May 20, 2016",5,121,PBSI,STATEN ISLAND,26,,F,BLACK,,ARRESTED,31,M,BLACK,,SPOUSE,UNKNOWN,OTHER ARGUMENT,DOMESTIC,O  ,117,1,117,YES
27939             ,"May 20, 2016",5,111,PBQN,QUEENS,16,,M,BLACK,,ARRESTED,44,M,BLACK,,CHILD,UNKNOWN,INAPPROPRIATE CARE-GIVING,SHAKEN BABY SYNDROME,O  ,118,1,118,YES
27951             ,"May 25, 2016",5,013,PBMS,MANHATTAN,33,,M,BLACK,,ARRESTED,33,M,BLACK,,,HANDGUN,OTHER ARGUMENT,,I  ,119,1,119,NO
27957             ,"May 26, 2016",5,101,PBQS,QUEENS,57,,M,BLACK HISPANIC,HISPANIC,ARRESTED,34,M,BLACK,,,UNKNOWN,OTHER ARGUMENT,,O  ,120,1,120,NO
27958,"May 26, 2016",5,044,PBBX,BRONX,38,,F,BLACK,,ARRESTED,43,M,BLACK,,SPOUSE,CUTTING/STABBING,OTHER ARGUMENT,DOMESTIC,I  ,121,1,121,YES
27962             ,"May 27, 2016",5,047,PBBX,BRONX,55,,M,BLACK,,ARRESTED,33,M,BLACK,,FRIEND,HANDGUN,DRUG RELATED TRANSACTION,,O  ,122,1,122,NO
27966             ,"May 28, 2016",5,084,PBBN,BROOKLYN,59,,F,BLACK,,ARRESTED,55,F,BLACK,,STRANGER,CUTTING/STABBING,UNKNOWN,,I  ,123,1,123,NO
27963             ,"May 29, 2016",5,048,PBBX,BRONX,19,,M,WHITE HISPANIC,HISPANIC,ARRESTED,28,M,BLACK HISPANIC,HISPANIC,,HANDGUN,GANG/ORGANIZED CRIME RELATED,,O  ,124,1,124,NO
28029             ,"May 29, 2016",5,067,PBBS,BROOKLYN,50,,M,BLACK,,,,,,,,UNKNOWN,OTHER ARGUMENT,,O  ,125,1,125,NO
28033             ,"May 30, 2016",5,048,PBBX,BRONX,64,,M,BLACK,,ARRESTED,57,F,BLACK,,INTIMATE PARTNER,BLUNT INSTRUMENT,OTHER ARGUMENT,DOMESTIC,I  ,126,1,126,YES
27985             ,"May 31, 2016",5,077,PBBN,BROOKLYN,46,,M,BLACK,,ARRESTED,27,M,BLACK,,,HANDGUN,UNKNOWN,,O  ,127,1,127,NO
27994             ,"May 31, 2016",5,067,PBBS,BROOKLYN,16,,F,BLACK,,ARRESTED,24,M,BLACK,,,HANDGUN,UNKNOWN,,I  ,128,1,128,NO
27996             ,"Jun 1, 2016",6,079,PBBN,BROOKLYN,17,,M,BLACK,,,,,,,,HANDGUN,GANG/ORGANIZED CRIME RELATED,,O  ,129,1,129,NO
28007             ,"Jun 3, 2016",6,009,PBMS,MANHATTAN,21,,M,BLACK HISPANIC,HISPANIC,ARRESTED,24,M,BLACK,,STRANGER,HANDGUN,DRUG RELATED TRANSACTION,,O  ,130,1,130,NO
28008             ,"Jun 3, 2016",6,120,PBSI,STATEN ISLAND,1,,F,BLACK,,,,U,UNKNOWN,,,UNKNOWN,UNKNOWN,,I  ,131,1,131,NO
28023             ,"Jun 4, 2016",6,090,PBBN,BROOKLYN,25,,M,WHITE HISPANIC,HISPANIC,ARRESTED,26,M,BLACK HISPANIC,HISPANIC,FRIEND,HANDGUN,OTHER ARGUMENT,,O  ,132,1,132,NO
28021             ,"Jun 5, 2016",6,081,PBBN,BROOKLYN,26,,M,BLACK,,,,,,,,HANDGUN,UNKNOWN,,I  ,133,1,133,NO
28022             ,"Jun 5, 2016",6,077,PBBN,BROOKLYN,25,,M,BLACK,,,,,,,,HANDGUN,UNKNOWN,,O  ,134,1,134,NO
28028             ,"Jun 6, 2016",6,084,PBBN,BROOKLYN,23,,F,BLACK,,ARRESTED,53,M,BLACK,,EX-INTIMATE PARTNER,HANDGUN,OTHER ARGUMENT,DOMESTIC,O  ,135,1,135,YES
28030             ,"Jun 7, 2016",6,075,PBBN,BROOKLYN,55,,M,WHITE HISPANIC,HISPANIC,ARRESTED,50,M,UNKNOWN,,FRIEND,BLUNT INSTRUMENT,OTHER ARGUMENT,,O  ,136,1,136,NO
28031             ,"Jun 7, 2016",6,079,PBBN,BROOKLYN,44,,M,BLACK,,WANTED,43,M,BLACK,,FRIEND,HANDGUN,OTHER ARGUMENT,,O  ,137,1,137,NO
28043             ,"Jun 11, 2016",6,046,PBBX,BRONX,32,,M,BLACK,,,,,,,,HANDGUN,OTHER ARGUMENT,,O  ,138,1,138,NO
28044             ,"Jun 11, 2016",6,040,PBBX,BRONX,28,,F,BLACK,,,,,,,,HANDGUN,GANG/ORGANIZED CRIME RELATED,,O  ,139,1,139,NO
28051             ,"Jun 11, 2016",6,041,PBBX,BRONX,31,,M,BLACK,,,,,,,,HANDGUN,ROBBERY,,O  ,140,1,140,NO
28046             ,"Jun 12, 2016",6,075,PBBN,BROOKLYN,22,,M,BLACK,,,,,,,,HANDGUN,UNKNOWN,,O  ,141,1,141,NO
28052             ,"Jun 12, 2016",6,110,PBQN,QUEENS,25,,M,BLACK HISPANIC,HISPANIC,ARRESTED,28,M,BLACK HISPANIC,HISPANIC,,HANDGUN,OTHER ARGUMENT,,I  ,142,1,142,NO
28064             ,"Jun 15, 2016",6,047,PBBX,BRONX,32,,F,BLACK,,ARRESTED,35,M,BLACK,,INTIMATE PARTNER,HANDGUN,OTHER ARGUMENT,DOMESTIC,I  ,143,1,143,YES
28067             ,"Jun 15, 2016",6,073,PBBN,BROOKLYN,26,,M,BLACK,,,,,,,,HANDGUN,UNKNOWN,,I  ,144,1,144,NO
28069             ,"Jun 15, 2016",6,084,PBBN,BROOKLYN,29,,M,BLACK HISPANIC,HISPANIC,ARRESTED,29,F,BLACK,,EX-INTIMATE PARTNER,HANDGUN,OTHER ARGUMENT,DOMESTIC,O  ,145,1,145,YES
28070             ,"Jun 15, 2016",6,073,PBBN,BROOKLYN,46,,M,BLACK,,,,,,,,HANDGUN,UNKNOWN,,O  ,146,1,146,NO
28904             ,"Jun 15, 2016",6,109,PBQN,QUEENS,22,,M,WHITE HISPANIC,HISPANIC,WANTED,23,M,WHITE HISPANIC,HISPANIC,UNKNOWN RELATIONSHIP,UNKNOWN,OTHER ARGUMENT,,O  ,147,1,147,NO
28084             ,"Jun 17, 2016",6,046,PBBX,BRONX,17,,M,BLACK,,,,,,,,CUTTING/STABBING,ROBBERY,,O  ,148,1,148,NO
28085             ,"Jun 18, 2016",6,041,PBBX,BRONX,17,,M,BLACK,,,,,,,,HANDGUN,GANG/ORGANIZED CRIME RELATED,,O  ,149,1,149,NO
28086             ,"Jun 19, 2016",6,046,PBBX,BRONX,25,,M,BLACK HISPANIC,HISPANIC,ARRESTED,21,F,BLACK HISPANIC,HISPANIC,INTIMATE PARTNER,CUTTING/STABBING,OTHER ARGUMENT,DOMESTIC,I  ,150,1,150,YES
28087             ,"Jun 19, 2016",6,075,PBBN,BROOKLYN,55,,M,BLACK,,ARRESTED,53,F,BLACK,,INTIMATE PARTNER,CUTTING/STABBING,OTHER ARGUMENT,DOMESTIC,I  ,151,1,151,YES
28092             ,"Jun 20, 2016",6,043,PBBX,BRONX,32,,M,BLACK,,,,,,,,HANDGUN,UNKNOWN,,O  ,152,1,152,NO
28099             ,"Jun 23, 2016",6,045,PBBX,BRONX,83,,M,BLACK,,ARRESTED,37,M,BLACK,,IN LAW,CUTTING/STABBING,ROBBERY,DOMESTIC,I  ,153,1,153,YES
28100             ,"Jun 23, 2016",6,032,PBMN,MANHATTAN,46,,M,BLACK,,,,,,,,HANDGUN,DRUG RELATED TRANSACTION,,O  ,154,1,154,NO
28101             ,"Jun 23, 2016",6,073,PBBN,BROOKLYN,52,,M,BLACK,,ARRESTED,29,M,BLACK,,,HANDGUN,OTHER ARGUMENT,,O  ,155,1,155,NO
28113             ,"Jun 26, 2016",6,071,PBBS,BROOKLYN,30,,M,BLACK,,WANTED,23,M,BLACK,,,HANDGUN,GANG/ORGANIZED CRIME RELATED,,O  ,156,1,156,NO
28772             ,"Jun 26, 2016",6,107,PBQS,QUEENS,65,,M,WHITE,,ARRESTED,42,M,BLACK,,STRANGER,UNKNOWN,OTHER ARGUMENT,,O  ,157,1,157,NO
28121             ,"Jun 29, 2016",6,073,PBBN,BROOKLYN,21,,M,BLACK,,,,,,,,HANDGUN,UNKNOWN,,I  ,158,1,158,NO
28122             ,"Jun 29, 2016",6,046,PBBX,BRONX,24,,M,BLACK,,,,,,,,HANDGUN,GANG/ORGANIZED CRIME RELATED,,O  ,159,1,159,NO
28165             ,"Jun 29, 2016",6,075,PBBN,BROOKLYN,42,,M,BLACK,,ARRESTED,39,M,BLACK,,FRIEND,UNKNOWN,OTHER ARGUMENT,,O  ,160,1,160,NO
28124             ,"Jun 30, 2016",6,068,PBBS,BROOKLYN,61,,M,WHITE,,ARRESTED,41,M,WHITE HISPANIC,HISPANIC,STRANGER,HANDGUN,ROBBERY,,O  ,161,1,161,NO
28125             ,"Jun 30, 2016",6,075,PBBN,BROOKLYN,26,,M,ASIAN/PAC.ISL,,ARRESTED,31,M,WHITE,,,BLUNT INSTRUMENT,UNKNOWN,,O  ,162,1,162,NO
28128             ,"Jul 3, 2016",7,083,PBBN,BROOKLYN,22,,F,BLACK,,DOA,37,M,BLACK,,INTIMATE PARTNER,HANDGUN,MURDER-SUICIDE,DOMESTIC,I  ,163,1,163,YES
28253             ,"Jul 3, 2016",7,041,PBBX,BRONX,68,,M,WHITE HISPANIC,HISPANIC,ARRESTED,54,M,WHITE HISPANIC,HISPANIC,FRIEND,UNKNOWN,OTHER ARGUMENT,,O  ,164,1,164,NO
28144             ,"Jul 4, 2016",7,044,PBBX,BRONX,17,,M,WHITE HISPANIC,HISPANIC,ARRESTED,21,M,BLACK HISPANIC,HISPANIC,,CUTTING/STABBING,OTHER ARGUMENT,,O  ,165,1,165,NO
28146             ,"Jul 4, 2016",7,113,PBQS,QUEENS,50,,M,BLACK,,,,,,,,CUTTING/STABBING,UNKNOWN,,I  ,166,1,166,NO
28179             ,"Jul 4, 2016",7,075,PBBN,BROOKLYN,37,,M,BLACK,,ARRESTED,37,M,BLACK,,STRANGER,HANDGUN,OTHER ARGUMENT,,O  ,167,1,167,NO
28151             ,"Jul 5, 2016",7,028,PBMN,MANHATTAN,38,,F,BLACK,,ARRESTED,26,F,BLACK,,FRIEND,CUTTING/STABBING,OTHER ARGUMENT,,I  ,168,1,168,NO
28164             ,"Jul 5, 2016",7,007,PBMS,MANHATTAN,70,,F,WHITE HISPANIC,HISPANIC,ARRESTED,61,F,WHITE HISPANIC,HISPANIC,,UNKNOWN,OTHER ARGUMENT,,O  ,169,1,169,NO
28173             ,"Jul 9, 2016",7,047,PBBX,BRONX,32,,M,BLACK,,,,,,,,HANDGUN,OTHER ARGUMENT,,O  ,170,1,170,NO
28172             ,"Jul 10, 2016",7,079,PBBN,BROOKLYN,25,,M,BLACK,,,,,,,,HANDGUN,DRUG RELATED TRANSACTION,,I  ,171,1,171,NO
28180             ,"Jul 11, 2016",7,042,PBBX,BRONX,76,,M,WHITE HISPANIC,HISPANIC,ARRESTED,45,M,BLACK HISPANIC,HISPANIC,,UNKNOWN,ROBBERY,,O  ,172,1,172,NO
24970             ,"Jul 12, 2016",7,052,PBBX,BRONX,21,,M,WHITE HISPANIC,HISPANIC,ARRESTED,30,M,BLACK,,UNKNOWN RELATIONSHIP,HANDGUN,DRUG RELATED TRANSACTION,,O  ,173,1,173,NO
28189             ,"Jul 15, 2016",7,106,PBQS,QUEENS,23,,M,ASIAN/PAC.ISL,,,,,,,,HANDGUN,UNKNOWN,,O  ,174,1,174,NO
28190             ,"Jul 15, 2016",7,073,PBBN,BROOKLYN,40,,M,BLACK,,ARRESTED,20,M,BLACK,,,HANDGUN,UNKNOWN,,O  ,175,1,175,NO
28190             ,"Jul 15, 2016",7,073,PBBN,BROOKLYN,37,,M,BLACK,,ARRESTED,20,M,BLACK,,,HANDGUN,UNKNOWN,,O  ,176,2,176,NO
28208             ,"Jul 16, 2016",7,043,PBBX,BRONX,44,,M,WHITE HISPANIC,HISPANIC,ARRESTED,56,F,WHITE HISPANIC,HISPANIC,INTIMATE PARTNER,CUTTING/STABBING,OTHER ARGUMENT,DOMESTIC,I  ,177,1,177,YES
28203             ,"Jul 17, 2016",7,114,PBQN,QUEENS,23,,M,BLACK,,ARRESTED,24,M,BLACK HISPANIC,HISPANIC,,HANDGUN,OTHER ARGUMENT,,O  ,178,1,178,NO
28209             ,"Jul 17, 2016",7,067,PBBS,BROOKLYN,23,,M,BLACK,,,,,,,,HANDGUN,UNKNOWN,,O  ,179,1,179,NO
28215             ,"Jul 18, 2016",7,113,PBQS,QUEENS,33,,M,BLACK,,,,,,,,CUTTING/STABBING,UNKNOWN,,O  ,180,1,180,NO
28217             ,"Jul 19, 2016",7,040,PBBX,BRONX,24,,M,BLACK HISPANIC,HISPANIC,,,,,,,HANDGUN,OTHER ARGUMENT,,O  ,181,1,181,NO
28221             ,"Jul 19, 2016",7,076,PBBS,BROOKLYN,23,,M,BLACK,,ARRESTED,24,M,BLACK,,,HANDGUN,OTHER ARGUMENT,,O  ,182,1,182,NO
28222             ,"Jul 20, 2016",7,079,PBBN,BROOKLYN,33,,M,BLACK,,,,,,,,HANDGUN,UNKNOWN,,O  ,183,1,183,NO
28228             ,"Jul 21, 2016",7,088,PBBN,BROOKLYN,26,,F,WHITE,,,,,,,,HANDGUN,UNKNOWN,,I  ,184,1,184,NO
28396             ,"Jul 21, 2016",7,044,PBBX,BRONX,52,,F,WHITE HISPANIC,HISPANIC,ARRESTED,44,M,WHITE HISPANIC,HISPANIC,INTIMATE PARTNER,CUTTING/STABBING,OTHER ARGUMENT,DOMESTIC,I  ,185,1,185,YES
28246             ,"Jul 22, 2016",7,068,PBBS,BROOKLYN,59,,M,BLACK HISPANIC,HISPANIC,ARRESTED,61,M,BLACK HISPANIC,HISPANIC,OTHER FAMILY MEMBER,CUTTING/STABBING,OTHER ARGUMENT,DOMESTIC,I  ,186,1,186,YES
28267             ,"Jul 22, 2016",7,109,PBQN,QUEENS,68,,M,ASIAN/PAC.ISL,,,,,,,,UNKNOWN,OTHER ARGUMENT,,O  ,187,1,187,NO
28245             ,"Jul 23, 2016",7,044,PBBX,BRONX,18,,M,BLACK,,ARRESTED,19,M,BLACK,,FRIEND,HANDGUN,OTHER ARGUMENT,,O  ,188,1,188,NO
28241             ,"Jul 25, 2016",7,046,PBBX,BRONX,33,,M,WHITE HISPANIC,HISPANIC,ARRESTED,37,M,WHITE HISPANIC,HISPANIC,FRIEND,HANDGUN,OTHER ARGUMENT,,O  ,189,1,189,NO
28241             ,"Jul 25, 2016",7,046,PBBX,BRONX,37,,F,WHITE HISPANIC,HISPANIC,ARRESTED,37,M,WHITE HISPANIC,HISPANIC,FRIEND,HANDGUN,OTHER ARGUMENT,,O  ,190,2,190,NO
28250             ,"Jul 25, 2016",7,047,PBBX,BRONX,49,,F,BLACK,,ARRESTED,52,M,BLACK,,SPOUSE,CUTTING/STABBING,OTHER ARGUMENT,DOMESTIC,I  ,191,1,191,YES
28251             ,"Jul 25, 2016",7,103,PBQS,QUEENS,23,,M,ASIAN/PAC.ISL,,,,U,UNKNOWN,,,HANDGUN,UNKNOWN,,O  ,192,1,192,NO
28255             ,"Jul 27, 2016",7,109,PBQN,QUEENS,50,,M,BLACK,,,,,,,,HANDGUN,UNKNOWN,,O  ,193,1,193,NO
28258             ,"Jul 28, 2016",7,079,PBBN,BROOKLYN,63,,M,BLACK,,DOA,50,M,BLACK,,FRIEND,HANDGUN,OTHER ARGUMENT,,O  ,194,1,194,NO
28265             ,"Jul 30, 2016",7,081,PBBN,BROOKLYN,26,,M,BLACK,,,,,,,,HANDGUN,UNKNOWN,,O  ,195,1,195,NO
28266             ,"Jul 30, 2016",7,108,PBQN,QUEENS,0,< 1,F,WHITE HISPANIC,HISPANIC,ARRESTED,36,M,BLACK HISPANIC,HISPANIC,CHILD,UNKNOWN,INAPPROPRIATE CARE-GIVING,DOMESTIC,I  ,196,1,196,YES
28272             ,"Aug 1, 2016",8,107,PBQS,QUEENS,61,,F,ASIAN/PAC.ISL,,ARRESTED,73,M,ASIAN/PAC.ISL,,INTIMATE PARTNER,UNKNOWN,INAPPROPRIATE CARE-GIVING,DOMESTIC,I  ,197,1,197,YES
28274             ,"Aug 2, 2016",8,081,PBBN,BROOKLYN,33,,M,BLACK,,,,,,,,HANDGUN,UNKNOWN,,O  ,198,1,198,NO
28275             ,"Aug 2, 2016",8,048,PBBX,BRONX,29,,M,WHITE HISPANIC,HISPANIC,ARRESTED,32,M,BLACK HISPANIC,HISPANIC,FRIEND,HANDGUN,DRUG RELATED TRANSACTION,,I  ,199,1,199,NO
28281             ,"Aug 2, 2016",8,106,PBQS,QUEENS,30,,F,WHITE,,ARRESTED,20,M,BLACK,,STRANGER,UNKNOWN,OTHER SEX OFFENSE,,O  ,200,1,200,NO
28276             ,"Aug 3, 2016",8,045,PBBX,BRONX,40,,M,BLACK HISPANIC,HISPANIC,ARRESTED,19,M,BLACK,,,HANDGUN,ROBBERY,,O  ,201,1,201,NO
28278             ,"Aug 3, 2016",8,070,PBBS,BROOKLYN,38,,M,BLACK,,ARRESTED,16,M,BLACK,,UNKNOWN RELATIONSHIP,HANDGUN,ROBBERY,,O  ,202,1,202,NO
28284             ,"Aug 4, 2016",8,120,PBSI,STATEN ISLAND,30,,M,WHITE HISPANIC,HISPANIC,,,U,UNKNOWN,,,CUTTING/STABBING,OTHER ARGUMENT,,O  ,203,1,203,NO
28285             ,"Aug 4, 2016",8,063,PBBS,BROOKLYN,28,,M,BLACK,,ARRESTED,26,M,BLACK,,UNKNOWN RELATIONSHIP,HANDGUN,OTHER ARGUMENT,,O  ,204,1,204,NO
28287             ,"Aug 4, 2016",8,075,PBBN,BROOKLYN,24,,M,BLACK,,ARRESTED,19,M,BLACK,,FRIEND,HANDGUN,OTHER ARGUMENT,,O  ,205,1,205,NO
28305             ,"Aug 7, 2016",8,073,PBBN,BROOKLYN,23,,M,BLACK,,,,,,,,HANDGUN,OTHER ARGUMENT,,O  ,206,1,206,NO
28346             ,"Aug 7, 2016",8,071,PBBS,BROOKLYN,48,,M,BLACK,,ARRESTED,30,M,BLACK,,FRIEND,BLUNT INSTRUMENT,OTHER ARGUMENT,,O  ,207,1,207,NO
28312             ,"Aug 8, 2016",8,040,PBBX,BRONX,31,,M,BLACK,,,,,,,,HANDGUN,OTHER ARGUMENT,,O  ,208,1,208,NO
28315             ,"Aug 9, 2016",8,048,PBBX,BRONX,21,,M,WHITE HISPANIC,HISPANIC,,,,,,,HANDGUN,UNKNOWN,,O  ,209,1,209,NO
28318             ,"Aug 9, 2016",8,052,PBBX,BRONX,49,,M,BLACK,,ARRESTED,30,M,WHITE HISPANIC,HISPANIC,UNKNOWN RELATIONSHIP,HANDGUN,ROBBERY,,I  ,210,1,210,NO
28316             ,"Aug 10, 2016",8,073,PBBN,BROOKLYN,35,,M,BLACK,,,,,,,,HANDGUN,GANG/ORGANIZED CRIME RELATED,,O  ,211,1,211,NO
28322             ,"Aug 11, 2016",8,041,PBBX,BRONX,47,,M,BLACK,,,,,,,,HANDGUN,DRUG RELATED TRANSACTION,,I  ,212,1,212,NO
28324             ,"Aug 12, 2016",8,083,PBBN,BROOKLYN,22,,M,BLACK,,,,,,,,UNKNOWN,GANG/ORGANIZED CRIME RELATED,,O  ,213,1,213,NO
28334             ,"Aug 13, 2016",8,106,PBQS,QUEENS,64,,M,ASIAN/PAC.ISL,,ARRESTED,36,M,WHITE HISPANIC,HISPANIC,UNKNOWN RELATIONSHIP,HANDGUN,UNKNOWN,,O  ,214,1,214,NO
28334             ,"Aug 13, 2016",8,106,PBQS,QUEENS,55,,M,ASIAN/PAC.ISL,,ARRESTED,36,M,WHITE HISPANIC,HISPANIC,UNKNOWN RELATIONSHIP,HANDGUN,UNKNOWN,,O  ,215,2,215,NO
28328             ,"Aug 14, 2016",8,040,PBBX,BRONX,39,,M,WHITE HISPANIC,HISPANIC,ARRESTED,22,M,WHITE HISPANIC,HISPANIC,STRANGER,HANDGUN,OTHER ARGUMENT,,O  ,216,1,216,NO
28332             ,"Aug 14, 2016",8,067,PBBS,BROOKLYN,28,,M,BLACK,,,,,,,,HANDGUN,OTHER ARGUMENT,,O  ,217,1,217,NO
28342             ,"Aug 14, 2016",8,102,PBQS,QUEENS,37,,M,WHITE,,ARRESTED,27,M,BLACK,,,CUTTING/STABBING,UNKNOWN,,I  ,218,1,218,NO
28355             ,"Aug 16, 2016",8,077,PBBN,BROOKLYN,30,,M,BLACK,,,,,,,,HANDGUN,UNKNOWN,,O  ,219,1,219,NO
28356             ,"Aug 16, 2016",8,067,PBBS,BROOKLYN,27,,M,BLACK,,,,,,,,HANDGUN,GANG/ORGANIZED CRIME RELATED,,O  ,220,1,220,NO
28361             ,"Aug 17, 2016",8,044,PBBX,BRONX,17,,M,BLACK,,,,,,,,HANDGUN,GANG/ORGANIZED CRIME RELATED,,O  ,221,1,221,NO
28390             ,"Aug 19, 2016",8,046,PBBX,BRONX,27,,M,WHITE HISPANIC,HISPANIC,ARRESTED,32,M,BLACK,,INTIMATE PARTNER,ASPHYXIATION,OTHER ARGUMENT,DOMESTIC,I  ,222,1,222,YES
28391             ,"Aug 19, 2016",8,102,PBQS,QUEENS,9,,F,ASIAN/PAC.ISL,,ARRESTED,55,F,ASIAN/PAC.ISL,,CHILD,ASPHYXIATION,INAPPROPRIATE CARE-GIVING,DOMESTIC,I  ,223,1,223,YES
28388             ,"Aug 20, 2016",8,032,PBMN,MANHATTAN,61,,F,BLACK,,,,,,,,HANDGUN,UNKNOWN,,O  ,224,1,224,NO
28385             ,"Aug 21, 2016",8,060,PBBS,BROOKLYN,30,,M,BLACK,,ARRESTED,34,M,BLACK,,UNKNOWN RELATIONSHIP,HANDGUN,UNKNOWN,,I  ,225,1,225,NO
28386             ,"Aug 22, 2016",8,063,PBBS,BROOKLYN,22,,M,BLACK,,,,,,,,HANDGUN,UNKNOWN,,O  ,226,1,226,NO
28407             ,"Aug 28, 2016",8,088,PBBN,BROOKLYN,25,,M,BLACK,,,,,,,,HANDGUN,OTHER ARGUMENT,,O  ,227,1,227,NO
28408             ,"Aug 28, 2016",8,069,PBBS,BROOKLYN,26,,M,BLACK,,,,,,,,HANDGUN,UNKNOWN,,O  ,228,1,228,NO
28409             ,"Aug 28, 2016",8,077,PBBN,BROOKLYN,27,,M,BLACK,,,,,,,,HANDGUN,UNKNOWN,,O  ,229,1,229,NO
28430             ,"Aug 29, 2016",8,066,PBBS,BROOKLYN,36,,M,BLACK,,ARRESTED,25,M,BLACK,,OTHER FAMILY MEMBER,HANDGUN,OTHER ARGUMENT,DOMESTIC,O  ,230,1,230,YES
28439             ,"Aug 31, 2016",8,107,PBQS,QUEENS,60,,F,ASIAN/PAC.ISL,,ARRESTED,22,M,WHITE HISPANIC,HISPANIC,,CUTTING/STABBING,UNKNOWN,,O  ,231,1,231,NO
28446             ,"Sep 1, 2016",9,077,PBBN,BROOKLYN,37,,M,BLACK,,ARRESTED,35,M,BLACK,,,HANDGUN,DRUG RELATED TRANSACTION,,O  ,232,1,232,NO
28448             ,"Sep 1, 2016",9,063,PBBS,BROOKLYN,24,,M,BLACK,,,,,,,,HANDGUN,UNKNOWN,,O  ,233,1,233,NO
28472             ,"Sep 2, 2016",9,063,PBBS,BROOKLYN,21,,M,BLACK,,,,,,,,HANDGUN,GANG/ORGANIZED CRIME RELATED,,I  ,234,1,234,NO
28464             ,"Sep 3, 2016",9,032,PBMN,MANHATTAN,31,,M,BLACK,,,,,,,,HANDGUN,DRUG RELATED TRANSACTION,,O  ,235,1,235,NO
28465             ,"Sep 3, 2016",9,103,PBQS,QUEENS,20,,M,WHITE HISPANIC,HISPANIC,ARRESTED,28,M,WHITE HISPANIC,HISPANIC,,HANDGUN,GANG/ORGANIZED CRIME RELATED,,O  ,236,1,236,NO
28466             ,"Sep 3, 2016",9,077,PBBN,BROOKLYN,22,,M,BLACK HISPANIC,HISPANIC,,,,,,,HANDGUN,OTHER ARGUMENT,,I  ,237,1,237,NO
28466             ,"Sep 3, 2016",9,077,PBBN,BROOKLYN,32,,M,BLACK,,,,,,,,HANDGUN,OTHER ARGUMENT,,I  ,238,2,238,NO
28467             ,"Sep 4, 2016",9,069,PBBS,BROOKLYN,27,,M,BLACK,,,,,,,,HANDGUN,OTHER ARGUMENT,,O  ,239,1,239,NO
28474             ,"Sep 5, 2016",9,071,PBBS,BROOKLYN,17,,M,BLACK,,,,,,,,UNKNOWN,UNKNOWN,,O  ,240,1,240,NO
28479             ,"Sep 5, 2016",9,030,PBMN,MANHATTAN,19,,M,BLACK,,WANTED,24,M,BLACK,,UNKNOWN RELATIONSHIP,HANDGUN,DRUG RELATED TRANSACTION,,I  ,241,1,241,NO
28484             ,"Sep 5, 2016",9,071,PBBS,BROOKLYN,22,,F,BLACK,,ARRESTED,20,M,BLACK,,STRANGER,HANDGUN,UNKNOWN,,O  ,242,1,242,NO
28481             ,"Sep 6, 2016",9,094,PBBN,BROOKLYN,22,,M,WHITE HISPANIC,HISPANIC,ARRESTED,30,M,WHITE HISPANIC,HISPANIC,STRANGER,HANDGUN,OTHER ARGUMENT,,O  ,243,1,243,NO
28487             ,"Sep 6, 2016",9,073,PBBN,BROOKLYN,22,,M,BLACK HISPANIC,HISPANIC,,,,,,,HANDGUN,GANG/ORGANIZED CRIME RELATED,,O  ,244,1,244,NO
28492             ,"Sep 7, 2016",9,070,PBBS,BROOKLYN,33,,M,BLACK,,,,,,,,HANDGUN,GANG/ORGANIZED CRIME RELATED,,O  ,245,1,245,NO
28503             ,"Sep 10, 2016",9,113,PBQS,QUEENS,23,,M,BLACK,,,,,,,,HANDGUN,UNKNOWN,,O  ,246,1,246,NO
28580             ,"Sep 10, 2016",9,105,PBQS,QUEENS,44,,M,BLACK,,,,,,,,UNKNOWN,UNKNOWN,,O  ,247,1,247,NO
28511             ,"Sep 13, 2016",9,073,PBBN,BROOKLYN,22,,F,BLACK,,ARRESTED,20,F,BLACK,,,CUTTING/STABBING,OTHER ARGUMENT,,O  ,248,1,248,NO
28513             ,"Sep 13, 2016",9,075,PBBN,BROOKLYN,45,,F,BLACK,,ARRESTED,55,M,BLACK,,EX-INTIMATE PARTNER,CUTTING/STABBING,OTHER ARGUMENT,DOMESTIC,O  ,249,1,249,YES
28518             ,"Sep 14, 2016",9,046,PBBX,BRONX,63,,M,BLACK,,,,,,,,HANDGUN,UNKNOWN,,O  ,250,1,250,NO
28540             ,"Sep 19, 2016",9,079,PBBN,BROOKLYN,20,,M,BLACK,,,,,,,,HANDGUN,OTHER ARGUMENT,,O  ,251,1,251,NO
28551             ,"Sep 20, 2016",9,049,PBBX,BRONX,36,,M,ASIAN/PAC.ISL,,,,,,,,OTHER,ROBBERY,,I  ,252,1,252,NO
28562             ,"Sep 20, 2016",9,045,PBBX,BRONX,60,,M,WHITE,,,,U,UNKNOWN,,,HANDGUN,UNKNOWN,,O  ,253,1,253,NO
28550             ,"Sep 21, 2016",9,073,PBBN,BROOKLYN,28,,M,BLACK,,ARRESTED,23,M,BLACK,,UNKNOWN RELATIONSHIP,HANDGUN,OTHER ARGUMENT,,O  ,254,1,254,NO
28554             ,"Sep 23, 2016",9,032,PBMN,MANHATTAN,21,,M,BLACK,,ARRESTED,30,M,BLACK,,UNKNOWN RELATIONSHIP,HANDGUN,DRUG RELATED TRANSACTION,,O  ,255,1,255,NO
28556             ,"Sep 24, 2016",9,113,PBQS,QUEENS,46,,M,BLACK,,,,,,,,HANDGUN,ROBBERY,,I  ,256,1,256,NO
28571             ,"Sep 26, 2016",9,070,PBBS,BROOKLYN,47,,F,BLACK,,ARRESTED,58,M,BLACK,,SPOUSE,CUTTING/STABBING,OTHER ARGUMENT,DOMESTIC,I  ,257,1,257,YES
28677             ,"Sep 26, 2016",9,030,PBMN,MANHATTAN,6,,M,BLACK,,ARRESTED,26,F,BLACK,,CHILD,"HANDS, FISTS, FEET, ETC.",INAPPROPRIATE CARE-GIVING,DOMESTIC,I  ,258,1,258,YES
28566             ,"Sep 27, 2016",9,067,PBBS,BROOKLYN,40,,M,BLACK,,,,,,,,HANDGUN,UNKNOWN,,I  ,259,1,259,NO
28572             ,"Sep 27, 2016",9,046,PBBX,BRONX,21,,M,WHITE HISPANIC,HISPANIC,,,,,,,HANDGUN,GANG/ORGANIZED CRIME RELATED,,O  ,260,1,260,NO
28573             ,"Sep 27, 2016",9,075,PBBN,BROOKLYN,31,,M,BLACK,,ARRESTED,15,M,BLACK,,,HANDGUN,GANG/ORGANIZED CRIME RELATED,,I  ,261,1,261,NO
28620             ,"Sep 27, 2016",9,112,PBQN,QUEENS,58,,F,WHITE,,ARRESTED,21,M,WHITE,,PARENT,BLUNT INSTRUMENT,OTHER ARGUMENT,DOMESTIC,I  ,262,1,262,YES
28577             ,"Sep 28, 2016",9,079,PBBN,BROOKLYN,38,,M,BLACK,,ARRESTED,23,M,BLACK,,,HANDGUN,OTHER ARGUMENT,,I  ,263,1,263,NO
28579             ,"Sep 28, 2016",9,104,PBQN,QUEENS,25,,F,WHITE,,ARRESTED,26,M,WHITE,,FRIEND,CUTTING/STABBING,OTHER ARGUMENT,,I  ,264,1,264,NO
28596             ,"Sep 29, 2016",9,068,PBBS,BROOKLYN,35,,F,WHITE,,,,,,,,UNKNOWN,UNKNOWN,,O  ,265,1,265,NO
28594             ,"Sep 30, 2016",9,009,PBMS,MANHATTAN,82,,F,BLACK,,ARRESTED,23,M,BLACK,,OTHER FAMILY MEMBER,ASPHYXIATION,ROBBERY,DOMESTIC,I  ,266,1,266,YES
28592             ,"Oct 1, 2016",10,042,PBBX,BRONX,50,,F,BLACK,,ARRESTED,49,M,BLACK,,SPOUSE,HANDGUN,OTHER ARGUMENT,DOMESTIC,I  ,267,1,267,YES
28592             ,"Oct 1, 2016",10,042,PBBX,BRONX,27,,M,BLACK,,ARRESTED,49,M,BLACK,,STEP CHILD,HANDGUN,OTHER ARGUMENT,DOMESTIC,I  ,268,2,268,YES
28595             ,"Oct 1, 2016",10,070,PBBS,BROOKLYN,25,,F,BLACK,,ARRESTED,32,M,BLACK,,INTIMATE PARTNER,STRANGULATION,OTHER ARGUMENT,DOMESTIC,I  ,269,1,269,YES
28591             ,"Oct 2, 2016",10,122,PBSI,STATEN ISLAND,23,,M,WHITE,,ARRESTED,18,M,WHITE,,FRIEND,HANDGUN,OTHER ,ACCIDENTAL,I  ,270,1,270,NO
28638             ,"Oct 2, 2016",10,050,PBBX,BRONX,36,,M,BLACK HISPANIC,HISPANIC,ARRESTED,23,M,BLACK HISPANIC,HISPANIC,UNKNOWN RELATIONSHIP,UNKNOWN,OTHER ARGUMENT,,O  ,271,1,271,NO
28597             ,"Oct 3, 2016",10,033,PBMN,MANHATTAN,36,,M,BLACK,,ARRESTED,28,M,BLACK,,UNKNOWN RELATIONSHIP,HANDGUN,DRUG RELATED TRANSACTION,,O  ,272,1,272,NO
28598             ,"Oct 3, 2016",10,025,PBMN,MANHATTAN,39,,M,BLACK,,ARRESTED,35,M,BLACK,,,HANDGUN,OTHER ARGUMENT,,O  ,273,1,273,NO
28599             ,"Oct 5, 2016",10,081,PBBN,BROOKLYN,38,,F,WHITE HISPANIC,HISPANIC,DOA,41,M,BLACK,,EX-INTIMATE PARTNER,HANDGUN,MURDER-SUICIDE,DOMESTIC,I  ,274,1,274,YES
28606             ,"Oct 5, 2016",10,075,PBBN,BROOKLYN,37,,M,BLACK,,ARRESTED,35,M,BLACK,,STRANGER,HANDGUN,OTHER ARGUMENT,,I  ,275,1,275,NO
28610             ,"Oct 6, 2016",10,024,PBMN,MANHATTAN,63,,M,WHITE HISPANIC,HISPANIC,ARRESTED,56,M,WHITE HISPANIC,HISPANIC,SIBLING,CUTTING/STABBING,OTHER ARGUMENT,DOMESTIC,I  ,276,1,276,YES
28612             ,"Oct 8, 2016",10,043,PBBX,BRONX,56,,M,BLACK HISPANIC,HISPANIC,ARRESTED,45,M,BLACK HISPANIC,HISPANIC,FRIEND,BLUNT INSTRUMENT,OTHER ARGUMENT,,I  ,277,1,277,NO
28615             ,"Oct 8, 2016",10,061,PBBS,BROOKLYN,44,,M,WHITE,,ARRESTED,27,F,WHITE HISPANIC,HISPANIC,FRIEND,CUTTING/STABBING,UNKNOWN,,I  ,278,1,278,NO
28614             ,"Oct 9, 2016",10,047,PBBX,BRONX,69,,F,ASIAN/PAC.ISL,,WANTED,36,M,BLACK,,,CUTTING/STABBING,UNKNOWN,,I  ,279,1,279,NO
28631             ,"Oct 13, 2016",10,102,PBQS,QUEENS,22,,M,WHITE HISPANIC,HISPANIC,,,,,,,HANDGUN,UNKNOWN,,I  ,280,1,280,NO
28633             ,"Oct 13, 2016",10,042,PBBX,BRONX,0,< 1,M,BLACK,,,37,M,BLACK,,CHILD,"HANDS, FISTS, FEET, ETC.",INAPPROPRIATE CARE-GIVING,DOMESTIC,I  ,281,1,281,YES
28635             ,"Oct 13, 2016",10,046,PBBX,BRONX,47,,M,WHITE HISPANIC,HISPANIC,,44,M,BLACK,,UNKNOWN RELATIONSHIP,HANDGUN,UNKNOWN,,O  ,282,1,282,NO
28652             ,"Oct 15, 2016",10,044,PBBX,BRONX,19,,M,WHITE HISPANIC,HISPANIC,,,,,,,HANDGUN,UNKNOWN,,O  ,283,1,283,NO
28658             ,"Oct 17, 2016",10,032,PBMN,MANHATTAN,18,,M,BLACK,,ARRESTED,33,M,BLACK,,,CUTTING/STABBING,OTHER ARGUMENT,,O  ,284,1,284,NO
28674             ,"Oct 23, 2016",10,040,PBBX,BRONX,28,,M,BLACK HISPANIC,HISPANIC,ARRESTED,39,M,BLACK,,,HANDGUN,DRUG RELATED TRANSACTION,,O  ,285,1,285,NO
28709             ,"Oct 29, 2016",10,113,PBQS,QUEENS,44,,F,BLACK,,ARRESTED,41,M,BLACK,,EX-INTIMATE PARTNER,CUTTING/STABBING,OTHER ARGUMENT,DOMESTIC,O  ,286,1,286,YES
28689             ,"Oct 30, 2016",10,103,PBQS,QUEENS,36,,M,BLACK,,ARRESTED,24,M,BLACK,,FRIEND,HANDGUN,OTHER ARGUMENT,,O  ,287,1,287,NO
28823             ,"Oct 30, 2016",10,048,PBBX,BRONX,70,,M,BLACK,,,,,,,,CUTTING/STABBING,OTHER ARGUMENT,,O  ,288,1,288,NO
28711             ,"Nov 1, 2016",11,043,PBBX,BRONX,25,,M,BLACK HISPANIC,HISPANIC,,,,,,,CUTTING/STABBING,UNKNOWN,,O  ,289,1,289,NO
28712             ,"Nov 1, 2016",11,073,PBBN,BROOKLYN,31,,M,BLACK,,ARRESTED,26,M,BLACK,,,HANDGUN,DRUG RELATED TRANSACTION,,O  ,290,1,290,NO
28716             ,"Nov 2, 2016",11,040,PBBX,BRONX,45,,F,BLACK HISPANIC,HISPANIC,ARRESTED,17,M,BLACK,,,HANDGUN,DRUG RELATED TRANSACTION,,O  ,291,1,291,NO
28718             ,"Nov 3, 2016",11,044,PBBX,BRONX,45,,F,WHITE HISPANIC,HISPANIC,ARRESTED,33,M,WHITE HISPANIC,HISPANIC,INTIMATE PARTNER,HANDGUN,OTHER ARGUMENT,DOMESTIC,O  ,292,1,292,YES
28723             ,"Nov 4, 2016",11,043,PBBX,BRONX,41,,M,WHITE,,DOA,35,M,WHITE HISPANIC,HISPANIC,STRANGER,HANDGUN,OTHER FELONY-NOT SPECIFIED,OFFICER KILLED-LOD,O  ,293,1,293,NO
28726             ,"Nov 7, 2016",11,014,PBMS,MANHATTAN,49,,F,ASIAN/PAC.ISL,,ARRESTED,30,F,BLACK,,STRANGER,UNKNOWN,UNKNOWN,,I  ,294,1,294,NO
28728             ,"Nov 8, 2016",11,034,PBMN,MANHATTAN,38,,M,BLACK,,DOA,36,M,BLACK,,,HANDGUN,UNKNOWN,,O  ,295,1,295,NO
28739             ,"Nov 11, 2016",11,075,PBBN,BROOKLYN,49,,M,WHITE HISPANIC,HISPANIC,ARRESTED,43,M,WHITE HISPANIC,HISPANIC,,UNKNOWN,OTHER ARGUMENT,,I  ,296,1,296,NO
28787             ,"Nov 13, 2016",11,017,PBMS,MANHATTAN,26,,M,WHITE,,ARRESTED,29,M,WHITE,,STRANGER,CUTTING/STABBING,OTHER ARGUMENT,,I  ,297,1,297,NO
3365              ,"Nov 13, 2016",11,049,PBBX,BRONX,22,,M,WHITE,,,,,,,UNKNOWN RELATIONSHIP,HANDGUN,OTHER ARGUMENT,,I  ,298,1,298,NO
28745             ,"Nov 14, 2016",11,075,PBBN,BROOKLYN,45,,M,WHITE HISPANIC,HISPANIC,ARRESTED,50,M,BLACK HISPANIC,HISPANIC,UNKNOWN RELATIONSHIP,HANDGUN,DRUG RELATED TRANSACTION,,O  ,299,1,299,NO
28777             ,"Nov 20, 2016",11,041,PBBX,BRONX,19,,M,WHITE HISPANIC,HISPANIC,ARRESTED,20,M,WHITE HISPANIC,HISPANIC,STRANGER,HANDGUN,ROBBERY,,I  ,300,1,300,NO
28788             ,"Nov 22, 2016",11,106,PBQS,QUEENS,30,,M,WHITE,,ARRESTED,34,M,WHITE,,FRIEND,HANDGUN,DRUG RELATED TRANSACTION,,I  ,301,1,301,NO
28806             ,"Nov 23, 2016",11,042,PBBX,BRONX,37,,M,BLACK,,ARRESTED,34,M,BLACK,,FRIEND,HANDGUN,OTHER ARGUMENT,,O  ,302,1,302,NO
28809             ,"Nov 23, 2016",11,081,PBBN,BROOKLYN,22,,M,BLACK,,,,,,,,HANDGUN,OTHER ARGUMENT,,O  ,303,1,303,NO
28811             ,"Nov 24, 2016",11,110,PBQN,QUEENS,23,,M,BLACK HISPANIC,HISPANIC,ARRESTED,36,M,WHITE HISPANIC,HISPANIC,STRANGER,CUTTING/STABBING,DRUG RELATED TRANSACTION,,O  ,304,1,304,NO
28826             ,"Nov 26, 2016",11,120,PBSI,STATEN ISLAND,58,,M,BLACK HISPANIC,HISPANIC,,,,,,,HANDGUN,UNKNOWN,,O  ,305,1,305,NO
28827             ,"Nov 26, 2016",11,045,PBBX,BRONX,44,,F,BLACK,,ARRESTED,36,M,BLACK,,SPOUSE,CUTTING/STABBING,OTHER ARGUMENT,DOMESTIC,I  ,306,1,306,YES
28828             ,"Nov 27, 2016",11,023,PBMN,MANHATTAN,74,,M,BLACK,,,,U,UNKNOWN,,,UNKNOWN,ROBBERY,,I  ,307,1,307,NO
28831             ,"Nov 28, 2016",11,042,PBBX,BRONX,24,,M,BLACK,,,,,,,,HANDGUN,UNKNOWN,,O  ,308,1,308,NO
28833             ,"Nov 28, 2016",11,034,PBMN,MANHATTAN,22,,F,BLACK,,DOA,27,M,BLACK,,INTIMATE PARTNER,HANDGUN,MURDER-SUICIDE,DOMESTIC,I  ,309,1,309,YES
28836             ,"Nov 30, 2016",11,075,PBBN,BROOKLYN,27,,F,BLACK HISPANIC,HISPANIC,WANTED,26,M,BLACK,,,HANDGUN,UNKNOWN,,O  ,310,1,310,NO
28837             ,"Nov 30, 2016",11,102,PBQS,QUEENS,21,,M,WHITE HISPANIC,HISPANIC,ARRESTED,22,M,BLACK,,,CUTTING/STABBING,ROBBERY,,I  ,311,1,311,NO
28838             ,"Nov 30, 2016",11,073,PBBN,BROOKLYN,32,,M,WHITE HISPANIC,HISPANIC,ARRESTED,50,M,WHITE HISPANIC,HISPANIC,,CUTTING/STABBING,UNKNOWN,,O  ,312,1,312,NO
28845             ,"Dec 1, 2016",12,045,PBBX,BRONX,55,,F,WHITE,,ARRESTED,47,M,WHITE,,FRIEND,UNKNOWN,UNKNOWN,,I  ,313,1,313,NO
28846             ,"Dec 3, 2016",12,044,PBBX,BRONX,68,,M,WHITE,,ARRESTED,32,M,WHITE HISPANIC,HISPANIC,INTIMATE PARTNER,CUTTING/STABBING,OTHER ARGUMENT,DOMESTIC,I  ,314,1,314,YES
28847             ,"Dec 4, 2016",12,063,PBBS,BROOKLYN,25,,F,BLACK,,ARRESTED,35,M,BLACK,,EX-INTIMATE PARTNER,HANDGUN,OTHER ARGUMENT,DOMESTIC,O  ,315,1,315,YES
28850             ,"Dec 5, 2016",12,106,PBQS,QUEENS,46,,F,ASIAN/PAC.ISL,,ARRESTED,50,M,ASIAN/PAC.ISL,,SPOUSE,CUTTING/STABBING,OTHER ARGUMENT,DOMESTIC,O  ,316,1,316,YES
28857             ,"Dec 7, 2016",12,069,PBBS,BROOKLYN,21,,M,BLACK,,,,,,,,HANDGUN,UNKNOWN,,O  ,317,1,317,NO
28860             ,"Dec 9, 2016",12,028,PBMN,MANHATTAN,24,,F,WHITE HISPANIC,HISPANIC,ARRESTED,21,M,BLACK,,INTIMATE PARTNER,HANDGUN,OTHER ARGUMENT,DOMESTIC,I  ,318,1,318,YES
28873             ,"Dec 11, 2016",12,106,PBQS,QUEENS,21,,M,BLACK,,ARRESTED,21,M,BLACK,,FRIEND,HANDGUN,OTHER ARGUMENT,,I  ,319,1,319,NO
28874             ,"Dec 11, 2016",12,046,PBBX,BRONX,41,,M,WHITE HISPANIC,HISPANIC,ARRESTED,47,M,BLACK,,,HANDGUN,DRUG RELATED TRANSACTION,,O  ,320,1,320,NO
28875             ,"Dec 11, 2016",12,090,PBBN,BROOKLYN,31,,M,BLACK HISPANIC,HISPANIC,ARRESTED,27,M,BLACK HISPANIC,HISPANIC,FRIEND,CUTTING/STABBING,OTHER ARGUMENT,,O  ,321,1,321,NO
28883             ,"Dec 13, 2016",12,073,PBBN,BROOKLYN,32,,M,BLACK,,,,,,,,HANDGUN,UNKNOWN,,O  ,322,1,322,NO
28884             ,"Dec 13, 2016",12,041,PBBX,BRONX,26,,M,BLACK,,ARRESTED,63,M,BLACK,,FRIEND,HANDGUN,OTHER ARGUMENT,,I  ,323,1,323,NO
28885             ,"Dec 14, 2016",12,032,PBMN,MANHATTAN,32,,M,BLACK,,,,,,,,HANDGUN,UNKNOWN,,O  ,324,1,324,NO
28894             ,"Dec 17, 2016",12,014,PBMS,MANHATTAN,27,,M,BLACK,,ARRESTED,38,M,BLACK,,,HANDGUN,OTHER ARGUMENT,,O  ,325,1,325,NO
28895             ,"Dec 18, 2016",12,067,PBBS,BROOKLYN,19,,M,BLACK,,,,,,,,HANDGUN,UNKNOWN,,I  ,326,1,326,NO
28900             ,"Dec 19, 2016",12,025,PBMN,MANHATTAN,22,,M,BLACK,,ARRESTED,28,M,BLACK,,UNKNOWN RELATIONSHIP,CUTTING/STABBING,OTHER ARGUMENT,,I  ,327,1,327,NO
28901             ,"Dec 20, 2016",12,042,PBBX,BRONX,24,,M,BLACK,,ARRESTED,20,M,WHITE HISPANIC,HISPANIC,,HANDGUN,ROBBERY,,O  ,328,1,328,NO
28903             ,"Dec 21, 2016",12,077,PBBN,BROOKLYN,46,,M,BLACK,,,,,,,,HANDGUN,OTHER ARGUMENT,,I  ,329,1,329,NO
28911             ,"Dec 25, 2016",12,067,PBBS,BROOKLYN,30,,M,BLACK,,,,,,,,HANDGUN,UNKNOWN,,O  ,330,1,330,NO
28914             ,"Dec 26, 2016",12,120,PBSI,STATEN ISLAND,31,,M,BLACK,,ARRESTED,30,M,BLACK,,,HANDGUN,OTHER ARGUMENT,,O  ,331,1,331,NO
28917             ,"Dec 26, 2016",12,030,PBMN,MANHATTAN,36,,F,WHITE HISPANIC,HISPANIC,ARRESTED,23,M,BLACK HISPANIC,HISPANIC,EX-INTIMATE PARTNER,STRANGULATION,OTHER ARGUMENT,DOMESTIC,I  ,332,1,332,YES
28917             ,"Dec 26, 2016",12,030,PBMN,MANHATTAN,4,,M,WHITE HISPANIC,HISPANIC,ARRESTED,23,M,BLACK HISPANIC,HISPANIC,CHILD,STRANGULATION,OTHER ARGUMENT,DOMESTIC,I  ,333,2,333,YES
28923             ,"Dec 30, 2016",12,044,PBBX,BRONX,27,,M,BLACK,,,,,,,,HANDGUN,DRUG RELATED TRANSACTION,,O  ,334,1,334,NO
28931             ,"Dec 31, 2016",12,067,PBBS,BROOKLYN,39,,M,UNKNOWN,,,,,,,,HANDGUN,GANG/ORGANIZED CRIME RELATED,,I  ,335,1,335,NO
